{
  "market_decisions": {
    "crypto": {
      "trend": "neutral",
      "confidence": 0.9002962269200243,
      "action": "HOLD",
      "expected_profit": 900
    },
    "forex": {
      "trend": "bearish",
      "confidence": 0.7128041396542083,
      "action": "SELL_MODERATE",
      "expected_profit": 1069
    },
    "stocks": {
      "trend": "bearish",
      "confidence": 0.8550230671777719,
      "action": "SELL_AGGRESSIVE",
      "expected_profit": 1881
    },
    "nft": {
      "trend": "bearish",
      "confidence": 0.8912254687061034,
      "action": "SELL_AGGRESSIVE",
      "expected_profit": 1960
    }
  },
  "learning_improvements": {
    "pattern_recognition": {
      "before": 1.2767529386871113,
      "after": 1.414134643711885,
      "improvement": 0.13738170502477365
    },
    "optimization": {
      "before": 1.2164924788239577,
      "after": 1.3090740828408618,
      "improvement": 0.0925816040169041
    },
    "prediction": {
      "before": 1.1611085198396909,
      "after": 1.277109337972576,
      "improvement": 0.11600081813288506
    },
    "adaptation": {
      "before": 1.1634898634703315,
      "after": 1.3078608093510988,
      "improvement": 0.14437094588076738
    }
  },
  "revenue_optimizations": {
    "saas": {
      "current": 50000,
      "optimized": 61612,
      "increase": 11612,
      "factor": 1.2322493733408102
    },
    "dropshipping": {
      "current": 75000,
      "optimized": 109127,
      "increase": 34127,
      "factor": 1.4550398000676492
    },
    "ai_services": {
      "current": 100000,
      "optimized": 115274,
      "increase": 15274,
      "factor": 1.1527434078697085
    },
    "nft": {
      "current": 45000,
      "optimized": 50392,
      "increase": 5392,
      "factor": 1.1198260536262583
    }
  },
  "quantum_self_learning": {
    "state": {
      "coherence": 1.8704238712824768,
      "exploration": 0.6309071493593323,
      "memory_efficiency": 88.71941631176706,
      "learning_loops": 27,
      "pattern_recognition": 93.05089252260795,
      "prediction_accuracy": 94.69012799301532
    },
    "improvements": {
      "coherence_improvement": 1.8704238712824768,
      "exploration_boost": 0.6309071493593323,
      "memory_efficiency": 88.71941631176706
    }
  },
  "total_profit": 5911,
  "total_revenue_increase": 66405,
  "timestamp": "2025-12-14T12:51:19.698210"
}