{
  "market_decisions": {
    "crypto": {
      "trend": "neutral",
      "confidence": 0.705759981072769,
      "action": "HOLD",
      "expected_profit": 705
    },
    "forex": {
      "trend": "bullish",
      "confidence": 0.7529044388300574,
      "action": "BUY_MODERATE",
      "expected_profit": 1355
    },
    "stocks": {
      "trend": "bearish",
      "confidence": 0.9233536656068253,
      "action": "SELL_AGGRESSIVE",
      "expected_profit": 2031
    },
    "nft": {
      "trend": "neutral",
      "confidence": 0.7648502384928979,
      "action": "HOLD",
      "expected_profit": 764
    }
  },
  "learning_improvements": {
    "pattern_recognition": {
      "before": 1.2700219144550788,
      "after": 1.371915717141683,
      "improvement": 0.10189380268660413
    },
    "optimization": {
      "before": 1.1756473550509003,
      "after": 1.2439258612645951,
      "improvement": 0.06827850621369483
    },
    "prediction": {
      "before": 1.082490705212341,
      "after": 1.1575678487139887,
      "improvement": 0.07507714350164765
    },
    "adaptation": {
      "before": 1.1774441145192311,
      "after": 1.3070186854416157,
      "improvement": 0.12957457092238456
    }
  },
  "revenue_optimizations": {
    "saas": {
      "current": 50000,
      "optimized": 70037,
      "increase": 20037,
      "factor": 1.4007445787536745
    },
    "dropshipping": {
      "current": 75000,
      "optimized": 107954,
      "increase": 32954,
      "factor": 1.4393939714750545
    },
    "ai_services": {
      "current": 100000,
      "optimized": 111101,
      "increase": 11101,
      "factor": 1.1110160261231599
    },
    "nft": {
      "current": 45000,
      "optimized": 65721,
      "increase": 20721,
      "factor": 1.4604704409457592
    }
  },
  "quantum_self_learning": {
    "state": {
      "coherence": 1.9753282266463021,
      "exploration": 1.2024822165992484,
      "memory_efficiency": 100.0,
      "learning_loops": 61,
      "pattern_recognition": 99.34613464192691,
      "prediction_accuracy": 98.83145635674626,
      "memory_optimization": {
        "compression_ratio": 0.95,
        "deduplication_rate": 0.98,
        "cache_hit_ratio": 0.99,
        "garbage_collection": 1.0,
        "memory_pooling": 0.97
      },
      "quantum_entanglement": 0.9935654081761774,
      "neural_network_efficiency": 100.0
    },
    "improvements": {
      "coherence_improvement": 1.9753282266463021,
      "exploration_boost": 1.2024822165992484,
      "memory_efficiency": 100.0,
      "compression_optimization": 95.0,
      "cache_optimization": 99.0,
      "memory_pooling_efficiency": 97.0
    }
  },
  "total_profit": 4949,
  "total_revenue_increase": 84813,
  "timestamp": "2025-12-17T00:24:51.005192"
}