{
  "market_decisions": {
    "crypto": {
      "trend": "bearish",
      "confidence": 0.8066432540836317,
      "action": "SELL_AGGRESSIVE",
      "expected_profit": 1774
    },
    "forex": {
      "trend": "bearish",
      "confidence": 0.7367857098922189,
      "action": "SELL_MODERATE",
      "expected_profit": 1105
    },
    "stocks": {
      "trend": "bearish",
      "confidence": 0.8575161154383582,
      "action": "SELL_AGGRESSIVE",
      "expected_profit": 1886
    },
    "nft": {
      "trend": "neutral",
      "confidence": 0.7865248868638569,
      "action": "HOLD",
      "expected_profit": 786
    }
  },
  "learning_improvements": {
    "pattern_recognition": {
      "before": 1.1059263006152185,
      "after": 1.2262922735137927,
      "improvement": 0.12036597289857427
    },
    "optimization": {
      "before": 1.0864769640103926,
      "after": 1.2150912341748414,
      "improvement": 0.12861427016444874
    },
    "prediction": {
      "before": 1.2029454348574329,
      "after": 1.2624874637904442,
      "improvement": 0.05954202893301141
    },
    "adaptation": {
      "before": 1.1481640344836102,
      "after": 1.2086103635035303,
      "improvement": 0.06044632901992012
    }
  },
  "revenue_optimizations": {
    "saas": {
      "current": 50000,
      "optimized": 72328,
      "increase": 22328,
      "factor": 1.4465753140638549
    },
    "dropshipping": {
      "current": 75000,
      "optimized": 110849,
      "increase": 35849,
      "factor": 1.4779906451053906
    },
    "ai_services": {
      "current": 100000,
      "optimized": 134350,
      "increase": 34350,
      "factor": 1.3435028009381889
    },
    "nft": {
      "current": 45000,
      "optimized": 59290,
      "increase": 14290,
      "factor": 1.317571718150489
    }
  },
  "quantum_self_learning": {
    "state": {
      "coherence": 1.9280371932745783,
      "exploration": 1.5047366300674798,
      "memory_efficiency": 100.0,
      "learning_loops": 98,
      "pattern_recognition": 96.4414516117577,
      "prediction_accuracy": 97.75103428120845,
      "memory_optimization": {
        "compression_ratio": 0.95,
        "deduplication_rate": 0.98,
        "cache_hit_ratio": 0.99,
        "garbage_collection": 1.0,
        "memory_pooling": 0.97
      },
      "quantum_entanglement": 0.9511906187872033,
      "neural_network_efficiency": 100.0
    },
    "improvements": {
      "coherence_improvement": 1.9280371932745783,
      "exploration_boost": 1.5047366300674798,
      "memory_efficiency": 100.0,
      "compression_optimization": 95.0,
      "cache_optimization": 99.0,
      "memory_pooling_efficiency": 97.0
    }
  },
  "total_profit": 5654,
  "total_revenue_increase": 106817,
  "timestamp": "2025-12-17T00:27:55.464664"
}