{
  "market_decisions": {
    "crypto": {
      "trend": "bearish",
      "confidence": 0.8701119405859977,
      "action": "SELL_AGGRESSIVE",
      "expected_profit": 1914
    },
    "forex": {
      "trend": "bullish",
      "confidence": 0.913131069503161,
      "action": "BUY_AGGRESSIVE",
      "expected_profit": 2282
    },
    "stocks": {
      "trend": "bullish",
      "confidence": 0.792691127789648,
      "action": "BUY_MODERATE",
      "expected_profit": 1426
    },
    "nft": {
      "trend": "bullish",
      "confidence": 0.8080570993871659,
      "action": "BUY_AGGRESSIVE",
      "expected_profit": 2020
    }
  },
  "learning_improvements": {
    "pattern_recognition": {
      "before": 1.026260641537967,
      "after": 1.0911828982206704,
      "improvement": 0.06492225668270356
    },
    "optimization": {
      "before": 1.2885064371641373,
      "after": 1.343521655223277,
      "improvement": 0.05501521805913974
    },
    "prediction": {
      "before": 1.0790469785476868,
      "after": 1.1493522864725545,
      "improvement": 0.07030530792486778
    },
    "adaptation": {
      "before": 1.1103159521619328,
      "after": 1.1934304417061399,
      "improvement": 0.08311448954420715
    }
  },
  "revenue_optimizations": {
    "saas": {
      "current": 50000,
      "optimized": 68123,
      "increase": 18123,
      "factor": 1.3624630161192481
    },
    "dropshipping": {
      "current": 75000,
      "optimized": 95030,
      "increase": 20030,
      "factor": 1.267072819928117
    },
    "ai_services": {
      "current": 100000,
      "optimized": 121915,
      "increase": 21915,
      "factor": 1.2191535576494466
    },
    "nft": {
      "current": 45000,
      "optimized": 55587,
      "increase": 10587,
      "factor": 1.2352684225142916
    }
  },
  "quantum_self_learning": {
    "state": {
      "coherence": 1.0704194533073146,
      "exploration": 1.029761287663348,
      "memory_efficiency": 93.19087479952854,
      "learning_loops": 18,
      "pattern_recognition": 90.11657986162183,
      "prediction_accuracy": 97.47409163753427
    },
    "improvements": {
      "coherence_improvement": 1.0704194533073146,
      "exploration_boost": 1.029761287663348,
      "memory_efficiency": 93.19087479952854
    }
  },
  "total_profit": 7652,
  "total_revenue_increase": 70655,
  "timestamp": "2025-12-16T08:26:37.477418"
}