{
  "market_decisions": {
    "crypto": {
      "trend": "bearish",
      "confidence": 0.7585177732016127,
      "action": "SELL_MODERATE",
      "expected_profit": 1137
    },
    "forex": {
      "trend": "neutral",
      "confidence": 0.7432794125554536,
      "action": "HOLD",
      "expected_profit": 743
    },
    "stocks": {
      "trend": "bullish",
      "confidence": 0.7527216239048984,
      "action": "BUY_MODERATE",
      "expected_profit": 1354
    },
    "nft": {
      "trend": "neutral",
      "confidence": 0.7835094482382924,
      "action": "HOLD",
      "expected_profit": 783
    }
  },
  "learning_improvements": {
    "pattern_recognition": {
      "before": 1.2817051502129018,
      "after": 1.337299990058609,
      "improvement": 0.055594839845707136
    },
    "optimization": {
      "before": 1.1192865903379703,
      "after": 1.2586402869105868,
      "improvement": 0.13935369657261648
    },
    "prediction": {
      "before": 1.251401635995553,
      "after": 1.3111386261038094,
      "improvement": 0.059736990108256206
    },
    "adaptation": {
      "before": 1.220231698510275,
      "after": 1.3104473165356265,
      "improvement": 0.0902156180253514
    }
  },
  "revenue_optimizations": {
    "saas": {
      "current": 50000,
      "optimized": 74550,
      "increase": 24550,
      "factor": 1.491000456883324
    },
    "dropshipping": {
      "current": 75000,
      "optimized": 96578,
      "increase": 21578,
      "factor": 1.287707131498935
    },
    "ai_services": {
      "current": 100000,
      "optimized": 148094,
      "increase": 48094,
      "factor": 1.4809485681146533
    },
    "nft": {
      "current": 45000,
      "optimized": 63276,
      "increase": 18276,
      "factor": 1.4061483962470696
    }
  },
  "quantum_self_learning": {
    "state": {
      "coherence": 1.619236723422947,
      "exploration": 1.5013922322154951,
      "memory_efficiency": 100.0,
      "learning_loops": 57,
      "pattern_recognition": 98.20231763300718,
      "prediction_accuracy": 98.49145864373396,
      "memory_optimization": {
        "compression_ratio": 0.95,
        "deduplication_rate": 0.98,
        "cache_hit_ratio": 0.99,
        "garbage_collection": 1.0,
        "memory_pooling": 0.97
      },
      "quantum_entanglement": 0.9569190478924484,
      "neural_network_efficiency": 100.0
    },
    "improvements": {
      "coherence_improvement": 1.619236723422947,
      "exploration_boost": 1.5013922322154951,
      "memory_efficiency": 100.0,
      "compression_optimization": 95.0,
      "cache_optimization": 99.0,
      "memory_pooling_efficiency": 97.0
    }
  },
  "total_profit": 4066,
  "total_revenue_increase": 112498,
  "timestamp": "2025-12-17T00:20:54.251143"
}